contact_id,service_date,service_type,status,inclusion,minutes_lo,minutes_hi,intervals_json,breaks_json,doc_ids_json,inclusion_reason,minutes_basis
HG-M042/2026-01-05/HG-E101,2026-01-05,individual_psychotherapy,attended,included,50,50,"[[""09:00"", ""09:50""]]",[],"[""BH-D002"", ""BH-D006""]",patient-present individual_psychotherapy; attendance stated by tier-A source(s) ['BH-D002'],BH-D002: 09:00-09:50 = 50 min = 50 min
HG-M042/2026-01-06/HG-E102,2026-01-06,group_psychotherapy,attended,included,45,45,"[[""10:15"", ""11:15""]]","[[""10:45"", ""11:00""]]","[""BH-D004"", ""BH-D005"", ""BH-D006""]","patient-present group_psychotherapy; attendance stated by tier-A source(s) ['BH-D004', 'BH-D005']",BH-D005: 10:15-11:15 = 60 min - 15 min break = 45 min
HG-M042/2026-01-08/HG-E103,2026-01-08,individual_psychotherapy,no_show,excluded,,,[],[],"[""BH-D006"", ""BH-D015""]",no_show per tier-A source(s) ['BH-D015'],no patient-present intervals or totals documented
HG-M042/2026-01-08/scheduling_or_outreach#BH-D015:S1,2026-01-08,scheduling_or_outreach,attended,excluded,,,[],[],"[""BH-D015""]",service type scheduling_or_outreach does not count toward the plan goal,no patient-present intervals or totals documented
HG-M042/2026-01-08/scheduling_or_outreach#BH-D015:S2,2026-01-08,scheduling_or_outreach,attended,excluded,,,[],[],"[""BH-D015""]",service type scheduling_or_outreach does not count toward the plan goal,no patient-present intervals or totals documented
HG-M042/2026-01-09/HG-E104,2026-01-09,family_psychotherapy,attended,included,45,45,"[[""14:00"", ""14:45""]]",[],"[""BH-D006"", ""BH-D007"", ""BH-D008""]","patient-present family_psychotherapy; attendance stated by tier-A source(s) ['BH-D007', 'BH-D008']",BH-D007: 14:00-14:45 = 45 min = 45 min | BH-D008: 14:00-14:45 = 45 min = 45 min
HG-M042/2026-01-12/HG-E105,2026-01-12,group_psychotherapy,attended,included,75,75,"[[""10:00"", ""11:30""]]","[[""10:40"", ""10:55""]]","[""BH-D005"", ""BH-D006"", ""BH-D009""]","patient-present group_psychotherapy; attendance stated by tier-A source(s) ['BH-D005', 'BH-D009']",BH-D005: 10:00-11:30 = 90 min - 15 min break = 75 min
HG-M042/2026-01-13/HG-E106,2026-01-13,medication_management,attended,excluded,25,25,"[[""09:00"", ""09:25""]]",[],"[""BH-D006"", ""BH-D010""]",service type medication_management does not count toward the plan goal,BH-D010: 09:00-09:25 = 25 min = 25 min
HG-M042/2026-01-14/HG-E107,2026-01-14,individual_psychotherapy,attended,included,45,45,"[[""11:00"", ""11:45""]]",[],"[""BH-D006"", ""BH-D011""]",patient-present individual_psychotherapy; attendance stated by tier-A source(s) ['BH-D011'],BH-D011: 11:00-11:45 = 45 min = 45 min
HG-M042/2026-01-15/HG-E108,2026-01-15,group_psychotherapy,clinic_cancelled,excluded,,,[],[],"[""BH-D006"", ""BH-D016""]",clinic_cancelled per tier-A source(s) ['BH-D016'],no patient-present intervals or totals documented
HG-M042/2026-01-15/scheduling_or_outreach#BH-D016:S1,2026-01-15,scheduling_or_outreach,attended,excluded,,,[],[],"[""BH-D016""]",service type scheduling_or_outreach does not count toward the plan goal,no patient-present intervals or totals documented
HG-M042/2026-01-16/HG-E109,2026-01-16,collateral_contact,attended,excluded,,,[],[],"[""BH-D006"", ""BH-D012""]",service type collateral_contact does not count toward the plan goal,no patient-present intervals or totals documented
HG-M042/2026-01-19/HG-E110,2026-01-19,group_psychotherapy,attended,included,60,60,"[[""10:00"", ""11:15""]]","[[""10:45"", ""11:00""]]","[""BH-D101"", ""BH-D102"", ""BH-D103"", ""BH-D104""]","patient-present group_psychotherapy; attendance stated by tier-A source(s) ['BH-D101', 'BH-D102', 'BH-D103']",BH-D102: 10:00-11:15 = 75 min - 15 min break = 60 min (departure 11:30->11:15 per correction BH-D103) | BH-D103: 10:00-11:15 = 75 min - 15 min break = 60 min
HG-M042/2026-01-19/HG-E111,2026-01-19,individual_psychotherapy,attended,included,30,30,"[[""11:15"", ""11:45""]]",[],"[""BH-D105""]",patient-present individual_psychotherapy; attendance stated by tier-A source(s) ['BH-D105'],BH-D105: 11:15-11:45 = 30 min = 30 min
HG-M042/2026-01-21/HG-E112,2026-01-21,individual_psychotherapy,attended,included,45,45,"[[""13:00"", ""13:20""], [""13:30"", ""13:55""]]","[[""13:20"", ""13:30""]]","[""BH-D106""]",patient-present individual_psychotherapy; attendance stated by tier-A source(s) ['BH-D106'],"BH-D106: 13:00-13:20, 13:30-13:55 = 45 min = 45 min"
HG-M042/2026-01-22/HG-E113,2026-01-22,group_psychotherapy,attended,included,45,45,"[[""10:30"", ""11:30""]]","[[""10:45"", ""11:00""]]","[""BH-D107"", ""BH-D108""]","patient-present group_psychotherapy; attendance stated by tier-A source(s) ['BH-D107', 'BH-D108']",BH-D108: 10:30-11:30 = 60 min - 15 min break = 45 min
HG-M042/2026-01-23/HG-E114,2026-01-23,care_coordination,attended,excluded,,,[],[],"[""BH-D109""]",service type care_coordination does not count toward the plan goal,no patient-present intervals or totals documented
HG-M042/2026-01-26/HG-E115,2026-01-26,individual_psychotherapy,attended,included,40,50,"[[""09:10"", ""09:50""]]",[],"[""BH-D110"", ""BH-D111""]","patient-present individual_psychotherapy; attendance stated by tier-A source(s) ['BH-D110', 'BH-D111']",BH-D111: 09:10-09:50 = 40 min = 40 min | BH-D110: 09:00-09:50 = 50 min = 50 min
HG-M042/2026-01-27/HG-E116,2026-01-27,group_psychotherapy,no_show,excluded,,,[],[],"[""BH-D108"", ""BH-D112""]",no_show per tier-A source(s) ['BH-D108'],no patient-present intervals or totals documented
HG-M042/2026-01-27/scheduling_or_outreach#BH-D108:S2,2026-01-27,scheduling_or_outreach,attended,excluded,,,[],[],"[""BH-D108""]",service type scheduling_or_outreach does not count toward the plan goal,no patient-present intervals or totals documented
HG-M042/2026-01-28/HG-E117,2026-01-28,individual_psychotherapy,patient_cancelled,excluded,,,[],[],"[""BH-D108""]",patient_cancelled per tier-A source(s) ['BH-D108'],no patient-present intervals or totals documented
HG-M042/2026-01-29/HG-E118,2026-01-29,group_psychotherapy,attended,included,75,75,"[[""10:00"", ""11:30""]]","[[""10:45"", ""11:00""]]","[""BH-D107"", ""BH-D108""]","patient-present group_psychotherapy; attendance stated by tier-A source(s) ['BH-D107', 'BH-D108']",BH-D108: 10:00-11:30 = 90 min - 15 min break = 75 min
HG-M042/2026-01-30/HG-E119,2026-01-30,family_psychotherapy,attended,included,30,30,"[[""13:15"", ""13:45""]]",[],"[""BH-D113""]",patient-present family_psychotherapy; attendance stated by tier-A source(s) ['BH-D113'],BH-D113: 13:15-13:45 = 30 min = 30 min
HG-M042/2026-01-30/HG-E120,2026-01-30,medication_management,attended,excluded,20,20,[],[],"[""BH-D114""]",service type medication_management does not count toward the plan goal,BH-D114: n/a = 20 min = 20 min (stated total; no intervals documented)
